Feature ID	Taxon	Confidence
#q2:types	categorical	categorical
065c8c609c3e831d6a31269348656cb6	d__Bacteria	0.9999992909495875
1d95718a6a949a036958ca5cf922a7db	d__Bacteria; p__Firmicutes_A; c__Clostridia_258483; o__Oscillospirales; f__Ruminococcaceae; g__Faecalibacterium	0.9999297058773295
a65a2c91d438e4d9366d444889e537d6	d__Bacteria; p__Verrucomicrobiota; c__Verrucomicrobiae; o__Verrucomicrobiales; f__Akkermansiaceae; g__Akkermansia; s__Akkermansia muciniphila_D_776786	0.9949878559042574
96b19954a0819e5e6878405d1f7a8083	d__Bacteria; p__Firmicutes_D; c__Bacilli; o__Mycoplasmatales; f__Mycoplasmoidaceae; g__Ureaplasma	0.9999999994509968
2683ddf8cb31f2e343840cf08399b804	d__Bacteria; p__Firmicutes_D; c__Bacilli; o__Mycoplasmatales; f__Metamycoplasmataceae; g__Metamycoplasma; s__Metamycoplasma hominis	0.9796901331925564
b1d6b09de9e810f05d7b9af2e172567d	d__Bacteria; p__Firmicutes_A; c__Clostridia_258483; o__TANB77; f__CAG-508; g__CAG-273; s__	0.8327227876103336
9251929bfb3d9a52db7acd48eb397d97	d__Bacteria; p__Bacteroidota; c__Bacteroidia; o__Bacteroidales; f__Bacteroidaceae; g__Prevotella; s__Prevotella melaninogenica	0.7204655263475812
b868208f0a122ff9572e5e9193779342	d__Bacteria; p__Bacteroidota; c__Bacteroidia; o__Bacteroidales; f__Bacteroidaceae; g__Prevotella; s__Prevotella amnii	0.9999935197612974
400c9b826019b9046a70dcab03bcfb42	d__Bacteria; p__Bacteroidota; c__Bacteroidia; o__Bacteroidales; f__Bacteroidaceae; g__Prevotella; s__Prevotella bivia	0.9999628348489802
f3763180d9ea8737ed2db0ea3a0389cb	d__Bacteria; p__Proteobacteria; c__Gammaproteobacteria; o__Xanthomonadales_616009; f__Xanthomonadaceae_616009; g__Luteimonas_C_615545	0.8371900382342135
80c8beb1ef9e8b84fb8d6b2130079c24	d__Bacteria; p__Proteobacteria; c__Gammaproteobacteria; o__Xanthomonadales_616009; f__Xanthomonadaceae_616009; g__Luteimonas_C_615545	0.967625355705154
4f334fadc48dbdd48bff2f1d637f210a	d__Bacteria; p__Proteobacteria; c__Gammaproteobacteria; o__Xanthomonadales_616009; f__Xanthomonadaceae_616009	0.9792509627291678
ab90b9717d3c57012a6ea3774e4ffbab	d__Bacteria; p__Bacteroidota; c__Bacteroidia	0.8425130042755635
e0119b7025f2a2e14c4d84b45ec54fbc	d__Bacteria; p__Firmicutes_A; c__Clostridia_258483; o__Tissierellales; f__Peptoniphilaceae; g__Parvimonas; s__Parvimonas parva	0.8988668695703623
d24227268fad320feb23b2dc8ff6c985	d__Bacteria; p__Bacteroidota; c__Bacteroidia; o__Bacteroidales; f__Bacteroidaceae; g__Prevotella; s__Prevotella colorans	0.7570440640272501
6801178a9fcddd61bfc4f0584aba53d7	d__Bacteria; p__Bacteroidota; c__Bacteroidia; o__Bacteroidales; f__Bacteroidaceae; g__Alloprevotella; s__Alloprevotella sp900095835	0.9999997884879913
dfa78eb395e93733495751002389a140	d__Bacteria; p__Bacteroidota; c__Bacteroidia; o__Bacteroidales; f__Bacteroidaceae; g__Alloprevotella	0.9571670017800324
83aa15a1c038277fc87c777c4ac0212f	d__Bacteria; p__Bacteroidota; c__Bacteroidia; o__Bacteroidales; f__Bacteroidaceae; g__Prevotella; s__Prevotella melaninogenica	0.7876742502902131
d653e94d1e76b64d88545609cf647509	d__Bacteria; p__Bacteroidota; c__Bacteroidia; o__Bacteroidales; f__Bacteroidaceae; g__Prevotella; s__Prevotella amnii	0.9999904558999327
8bbedb8652100e2e87635844cb1be4ad	d__Bacteria; p__Bacteroidota; c__Bacteroidia; o__Bacteroidales; f__Bacteroidaceae; g__Prevotella	0.999806913209515
cc627b1a4755392458eeee6657aa3823	d__Bacteria; p__Bacteroidota; c__Bacteroidia; o__Bacteroidales; f__Bacteroidaceae; g__Prevotella; s__Prevotella amnii	0.9999099613086405
3c724f18d7f7f531f3167ca92c9c0c0a	d__Bacteria; p__Bacteroidota; c__Bacteroidia; o__Bacteroidales; f__Bacteroidaceae; g__Prevotella; s__Prevotella disiens	0.7492216313823248
9194211347acc6f1608c61c0077a54a0	d__Bacteria; p__Bacteroidota; c__Bacteroidia; o__Bacteroidales; f__Bacteroidaceae; g__Prevotella; s__Prevotella corporis	0.8871071950098797
a2be22303b075687a1fc02c56cd96e18	d__Bacteria; p__Bacteroidota; c__Bacteroidia; o__Bacteroidales; f__Bacteroidaceae; g__Prevotella; s__Prevotella disiens	0.9999522019172925
bc553700e4434c4a4bb0e680377f5675	d__Bacteria; p__Bacteroidota; c__Bacteroidia; o__Bacteroidales; f__Bacteroidaceae; g__Prevotella; s__Prevotella disiens	0.9999966554479525
b90d7a9a910642a68b7df44fc691e0f4	d__Bacteria; p__Bacteroidota; c__Bacteroidia; o__Bacteroidales; f__Bacteroidaceae; g__Prevotella; s__Prevotella disiens	0.9987070026441672
2f2e2a351d330526158406c34545c3a4	d__Bacteria; p__Bacteroidota; c__Bacteroidia; o__Bacteroidales; f__Bacteroidaceae; g__Prevotella; s__Prevotella disiens	0.9964636356006917
a4ce89cd0a1fb420d7a8003badc3b7a3	d__Bacteria; p__Bacteroidota; c__Bacteroidia; o__Bacteroidales; f__Bacteroidaceae; g__Prevotella	0.9652388861435963
ecddfcb7494f2b0cd4c5d5f6545e2fd4	d__Bacteria; p__Bacteroidota; c__Bacteroidia; o__Bacteroidales; f__Bacteroidaceae; g__Prevotella; s__Prevotella nanceiensis	0.9999995412599874
682d0a108d877f544366a96f497a7728	d__Bacteria; p__Bacteroidota; c__Bacteroidia; o__Bacteroidales; f__Bacteroidaceae; g__Prevotella; s__Prevotella nanceiensis	0.9999417522862052
a40314b4e9c43602e3a111040e19b7d9	d__Bacteria; p__Bacteroidota; c__Bacteroidia; o__Bacteroidales; f__Bacteroidaceae; g__Prevotella; s__Prevotella amnii	0.9999821977323476
2623e6bb3f123adfce99e57c65ce3cad	d__Bacteria; p__Bacteroidota; c__Bacteroidia; o__Bacteroidales; f__Bacteroidaceae; g__Prevotella; s__Prevotella buccalis	0.9994420973767358
40cbd1b0161dd2d90dc22f22bc84c59d	d__Bacteria; p__Bacteroidota; c__Bacteroidia; o__Bacteroidales; f__Bacteroidaceae; g__Prevotella	0.998817445694438
4416ee56c8ea7c116cefadbf6fe7e124	d__Bacteria; p__Bacteroidota; c__Bacteroidia; o__Bacteroidales; f__Bacteroidaceae; g__Prevotella; s__Prevotella pectinovora	0.9999993867019901
3198206a2cc0e80c4e6730188f307dd4	d__Bacteria; p__Bacteroidota; c__Bacteroidia; o__Bacteroidales; f__Bacteroidaceae; g__Prevotella; s__Prevotella buccalis	0.9999974977808008
f2bd1984da9c0e7496413227eaba50d3	d__Bacteria; p__Bacteroidota; c__Bacteroidia; o__Bacteroidales; f__Bacteroidaceae; g__Prevotella; s__Prevotella buccalis	0.9999995640071502
d00c47b450b9d8c68ae6beeb3b50438d	d__Bacteria; p__Bacteroidota; c__Bacteroidia; o__Bacteroidales; f__Bacteroidaceae; g__Prevotella; s__Prevotella buccalis	0.9999996831533129
a609db1f42b3eda94ab69acc8b7dbf11	d__Bacteria; p__Bacteroidota; c__Bacteroidia; o__Bacteroidales; f__Bacteroidaceae; g__Prevotella; s__Prevotella buccalis	0.9999983717765741
2c52144ee2733b52d2e6d65a0df10104	d__Bacteria; p__Bacteroidota; c__Bacteroidia; o__Bacteroidales; f__Bacteroidaceae; g__Prevotella; s__Prevotella colorans	0.8886889450149811
aa21c2ef892bd920b22da4b901ca022b	d__Bacteria; p__Bacteroidota; c__Bacteroidia; o__Bacteroidales; f__Bacteroidaceae; g__Prevotella; s__Prevotella sp000758925	0.9429302970454755
c6ea90b70dd3150795368e7075529c9a	d__Bacteria; p__Bacteroidota; c__Bacteroidia; o__Bacteroidales; f__Bacteroidaceae; g__Prevotella	0.9999999523458659
a56d469959a473e9d37a03ccc47c3976	d__Bacteria; p__Bacteroidota; c__Bacteroidia; o__Bacteroidales; f__Bacteroidaceae; g__Prevotella; s__Prevotella copri	0.9963144563739673
8757f230fd8b0fdb3ac21e004d4f62a0	d__Bacteria; p__Bacteroidota; c__Bacteroidia; o__Bacteroidales; f__Bacteroidaceae; g__Prevotella; s__Prevotella copri	0.9973068594724633
c87ba20fdabe6c83e74d54fccb612eb7	d__Bacteria; p__Bacteroidota; c__Bacteroidia; o__Bacteroidales; f__Bacteroidaceae; g__Prevotella; s__Prevotella sp001553265	0.9961136243131173
dddeae239715c8d8a6a21276c73f5b10	d__Bacteria; p__Bacteroidota; c__Bacteroidia; o__Bacteroidales; f__Bacteroidaceae; g__Prevotella; s__Prevotella stercorea	0.9998993622389604
12d51b4655ca73eff1194a5d25383108	d__Bacteria; p__Bacteroidota; c__Bacteroidia; o__Bacteroidales; f__Bacteroidaceae; g__Prevotella; s__Prevotella sp003447235	0.9999994792985879
9ce3814b603f64422effd009442e04f2	d__Bacteria; p__Bacteroidota; c__Bacteroidia; o__Bacteroidales; f__Bacteroidaceae; g__Alloprevotella	0.9140473569845069
535b737ddb8248d58bb33f03cf87cc61	d__Bacteria; p__Bacteroidota; c__Bacteroidia; o__Bacteroidales; f__Bacteroidaceae; g__Prevotella; s__Prevotella sp000758925	0.9293115343080018
5a57c6f9039b6e464d84f13b54515383	d__Bacteria; p__Bacteroidota; c__Bacteroidia; o__Bacteroidales; f__Bacteroidaceae; g__Prevotella; s__Prevotella timonensis	0.999999816564741
5f420f5ffbcecf64af3914c58288d377	d__Bacteria; p__Bacteroidota; c__Bacteroidia; o__Bacteroidales; f__Bacteroidaceae; g__Prevotella; s__Prevotella timonensis	0.999999911948468
9b633d9ba497d86f91685faf44aca145	d__Bacteria; p__Bacteroidota; c__Bacteroidia; o__Bacteroidales; f__Bacteroidaceae; g__Prevotella; s__Prevotella corporis	0.9999712614908901
6726c91e5448005b396422f890191ef7	d__Bacteria; p__Bacteroidota; c__Bacteroidia; o__Bacteroidales; f__Bacteroidaceae; g__Prevotella; s__Prevotella sp902776665	0.9750938334643421
22048a38911ee1a768bbe8fbb5db0bae	d__Bacteria; p__Firmicutes_A; c__Clostridia_258483; o__Saccharofermentanales; f__Fastidiosipilaceae; g__KA00274; s__KA00274 sp001552885	0.9999972648848997
ab57afdb44cec1385143b0ba2b4d02ba	d__Bacteria; p__Firmicutes_D; c__Bacilli; o__Lactobacillales; f__Enterococcaceae	0.7030240999030954
0c463dd48c828f424f209ccfe04ac194	d__Bacteria; p__Bacteroidota; c__Bacteroidia; o__Bacteroidales; f__Bacteroidaceae; g__Prevotella; s__Prevotella bivia	0.9999883222667323
46c6de705909077d631287ab69138165	d__Bacteria; p__Bacteroidota; c__Bacteroidia; o__Bacteroidales; f__Bacteroidaceae; g__Prevotella; s__Prevotella sp000758925	0.9161887582217498
aee5cd729ff6efca8e74d10f81441709	d__Bacteria; p__Bacteroidota; c__Bacteroidia; o__Bacteroidales; f__Bacteroidaceae; g__Prevotella; s__Prevotella bivia	0.9999898225924597
448cf235b316ee7611d11128a24a6095	d__Bacteria; p__Bacteroidota; c__Bacteroidia; o__Bacteroidales; f__Bacteroidaceae; g__Prevotella; s__Prevotella bivia	0.9957236165426904
62b7311d2bf75ac697cf3101eb4e131d	d__Bacteria; p__Bacteroidota; c__Bacteroidia; o__Bacteroidales	0.893647013896472
2c314bd034593648d3cb43c53f7c9bbb	d__Bacteria; p__Bacteroidota; c__Bacteroidia; o__Bacteroidales; f__Porphyromonadaceae; g__Porphyromonas_A_859426	0.9999999919727527
fd9953775a54d1165589056511d351b4	d__Bacteria; p__Bacteroidota; c__Bacteroidia; o__Bacteroidales; f__Porphyromonadaceae; g__Porphyromonas_A_859426; s__Porphyromonas_A_859426 bennonis	0.923101307336842
581a40658c2a85031589dac7a03f49e2	d__Bacteria; p__Bacteroidota; c__Bacteroidia; o__Bacteroidales; f__Porphyromonadaceae; g__Porphyromonas_A_859426; s__Porphyromonas_A_859426 somerae	0.9998998839347375
e2a458b45a6e5ae4fee56c67977bba6b	d__Bacteria; p__Bacteroidota; c__Bacteroidia; o__Bacteroidales; f__Porphyromonadaceae; g__Porphyromonas_A_859426	0.9939832024595048
304edc4281caa04a6daa719b393856fc	d__Bacteria; p__Bacteroidota; c__Bacteroidia; o__Bacteroidales; f__Bacteroidaceae; g__Phocaeicola_A_858004; s__Phocaeicola_A_858004 vulgatus	0.9531459116839633
6a96b8deb38a20f7a2610cb50fd0df66	d__Bacteria; p__Bacteroidota; c__Bacteroidia; o__Bacteroidales; f__Bacteroidaceae; g__Bacteroides_H; s__Bacteroides_H caccae	0.9891023776431412
e2e312282946c4eb4a8beaee8aaaa756	d__Bacteria; p__Bacteroidota; c__Bacteroidia; o__Bacteroidales; f__Porphyromonadaceae; g__Porphyromonas_A_859424; s__Porphyromonas_A_859424 uenonis	0.7992110968537027
6364fef7324cf1c369e3c62961f5004b	d__Bacteria; p__Bacteroidota; c__Bacteroidia; o__Bacteroidales; f__Porphyromonadaceae; g__Porphyromonas_A_859424	0.9999999976186218
7c047211b86d4782d68db1bd95176c65	d__Bacteria; p__Bacteroidota; c__Bacteroidia; o__Bacteroidales; f__Muribaculaceae	0.990372584425384
0e95f69602848f3ca8ed36afa6d55e31	d__Bacteria; p__Proteobacteria; c__Alphaproteobacteria; o__Rhodobacterales; f__Rhodobacteraceae; g__Haematobacter	0.7480545457039818
7a72794ffe8bdf342cc5599e2b748016	d__Bacteria; p__Proteobacteria; c__Gammaproteobacteria; o__Enterobacterales_A_737866; f__Succinivibrionaceae; g__Succinivibrio; s__Succinivibrio sp000431835	0.9978388879512756
ad8c390f07be363b8a40b887081e23fe	d__Bacteria	0.9999999999980073
b67a2191e1849634f37f8530df07b845	d__Bacteria; p__Proteobacteria; c__Gammaproteobacteria; o__Enterobacterales_A_737866; f__Pasteurellaceae; g__Haemophilus_D_735815	0.7335865781105286
66e946bf387c6e8ba3f30baac1d48104	d__Bacteria; p__Proteobacteria; c__Gammaproteobacteria; o__Enterobacterales_A_737866; f__Pasteurellaceae	0.9999999872833358
15b7a2a2c23a3cad7bafce326fe728f0	d__Bacteria; p__Bacteroidota; c__Bacteroidia; o__Bacteroidales; f__Porphyromonadaceae; g__Porphyromonas_A_859424; s__Porphyromonas_A_859424 sp001552775	0.9999742651817675
cbbfdf6bdec01a3ac308f32699549615	d__Bacteria; p__Campylobacterota; c__Campylobacteria; o__Campylobacterales; f__Campylobacteraceae	0.9997696797429357
b0c491e705fd91c1fbbf8de270520805	d__Bacteria; p__Firmicutes_A; c__Clostridia_258483; o__Tissierellales; f__Peptoniphilaceae; g__Fenollaria; s__Fenollaria massiliensis	0.9999997069213155
800a1ddbe6a78a4dffa69a124e80bbdb	d__Bacteria; p__Firmicutes_A; c__Clostridia_258483; o__Tissierellales; f__Peptoniphilaceae; g__Anaerococcus	0.9999906493954648
1593bbc61e8bdc223194d8626224c668	d__Bacteria; p__Firmicutes_A; c__Clostridia_258483; o__Tissierellales; f__Peptoniphilaceae; g__Anaerococcus	0.9999967440094246
10f5e03bd7756d494918398d9c0f77be	d__Bacteria; p__Firmicutes_A; c__Clostridia_258483; o__Tissierellales; f__Peptoniphilaceae; g__Anaerococcus	0.9999999983008454
f16ac77867c1edafba10144944d37fa5	d__Bacteria; p__Firmicutes_A; c__Clostridia_258483; o__Tissierellales; f__Peptoniphilaceae; g__Anaerococcus	0.9999999919665832
e598a1dab1e0e080cf9998cc01c12758	d__Bacteria; p__Firmicutes_A; c__Clostridia_258483; o__Tissierellales; f__Peptoniphilaceae; g__Anaerococcus	0.999999988793456
4e97b034c57bafdefa45c0a87d8a220a	d__Bacteria; p__Firmicutes_A; c__Clostridia_258483; o__Tissierellales; f__Peptoniphilaceae; g__Anaerococcus	0.9999999989325548
9cd4b68d69467520355044d9cd7bc1f2	d__Bacteria; p__Firmicutes_A; c__Clostridia_258483; o__Oscillospirales; f__Acutalibacteraceae; g__Ruminococcus_E	0.9999568279173776
023ec868b78bb61872c3523eab97cc18	d__Bacteria; p__Actinobacteriota; c__Actinomycetia; o__Mycobacteriales; f__Mycobacteriaceae; g__Corynebacterium	0.9750089446801272
ef775b9cda6393d8c7ee037743c0d33e	d__Bacteria; p__Actinobacteriota; c__Actinomycetia; o__Actinomycetales; f__Actinomycetaceae; g__Actinomyces	0.9861388757909273
cd0440c461612f07814190117e3636cb	d__Bacteria; p__Actinobacteriota; c__Actinomycetia; o__Actinomycetales; f__Micrococcaceae; g__Pseudoglutamicibacter	0.8949350207690476
dff9c32a6cc31989e2ab1855663730b9	d__Bacteria; p__Actinobacteriota; c__Actinomycetia; o__Actinomycetales; f__Bifidobacteriaceae; g__Bifidobacterium_388775	0.9865265059447892
a223a5f82cd62d6d695ac28802fadb28	d__Bacteria; p__Actinobacteriota; c__Actinomycetia; o__Actinomycetales; f__Bifidobacteriaceae; g__Bifidobacterium_388775	0.9999845300238686
4bcb2eba74fb2663c310572ce28d535f	d__Bacteria; p__Actinobacteriota; c__Actinomycetia; o__Actinomycetales; f__Bifidobacteriaceae; g__Bifidobacterium_388775	0.9999744902298084
767b6dcb97414e73f718b50dcf58492c	d__Bacteria; p__Actinobacteriota; c__Actinomycetia; o__Actinomycetales; f__Bifidobacteriaceae; g__Bifidobacterium_388775; s__Bifidobacterium vaginale	0.8368476019249593
8c36ebdcbe55b01e28ce8fd5234c1a68	d__Bacteria; p__Actinobacteriota; c__Actinomycetia; o__Actinomycetales; f__Actinomycetaceae; g__Varibaculum	0.9999697578498729
e69f441230a89532b5c01c106d44ce75	d__Bacteria; p__Actinobacteriota; c__Actinomycetia; o__Actinomycetales; f__Bifidobacteriaceae; g__Bifidobacterium_388775	0.9999668508225563
b9a6fba25b0b160733cc10306f061e4b	d__Bacteria; p__Actinobacteriota; c__Actinomycetia; o__Actinomycetales; f__Bifidobacteriaceae; g__Bifidobacterium_388775	0.9999639722787846
dbbb58c0deb635b58e651b85e4b3c04d	d__Bacteria; p__Bacteroidota; c__Bacteroidia	0.7350319593143668
2792acde7831be3b80f02cd6e8e456a7	d__Bacteria; p__Actinobacteriota; c__Actinomycetia; o__Actinomycetales; f__Dermabacteraceae; g__Helcobacillus	0.9223056665632627
5115fd37b8967b4324eb89586f395c2e	d__Bacteria; p__Actinobacteriota; c__Actinomycetia; o__Actinomycetales; f__Dermabacteraceae; g__Brachybacterium	0.9998581320217512
3c763da50673bab4fb5df4f75319693c	d__Bacteria; p__Actinobacteriota; c__Actinomycetia; o__Actinomycetales; f__Dermabacteraceae; g__Dermabacter; s__Dermabacter vaginalis	0.9627015792194062
494c5bc2233b2049eff7402278950a1c	d__Bacteria; p__Actinobacteriota; c__Actinomycetia; o__Actinomycetales; f__Actinomycetaceae; g__Actinomyces	0.9989054800242414
248ee569f7b975f2ec6c2451ab83581d	d__Bacteria; p__Actinobacteriota; c__Actinomycetia; o__Actinomycetales; f__Actinomycetaceae	0.998624946118709
d96c5a06389f27928901f7ad7f0cacb9	d__Bacteria; p__Actinobacteriota; c__Actinomycetia; o__Actinomycetales; f__Actinomycetaceae; g__Trueperella; s__Trueperella bernardiae	0.723811596568632
9702a70482c128eea460c242b2c9cbd7	d__Bacteria; p__Actinobacteriota; c__Actinomycetia; o__Actinomycetales; f__Actinomycetaceae; g__Winkia	0.9999798996618504
49688bf1545de4a9cf043eb84cdb7b55	d__Bacteria; p__Actinobacteriota; c__Actinomycetia; o__Actinomycetales; f__Actinomycetaceae; g__Pauljensenia; s__Pauljensenia turicensis	0.8712943362671474
d208c60bcac80188db1c114f7891aece	d__Bacteria; p__Actinobacteriota; c__Actinomycetia; o__Actinomycetales; f__Actinomycetaceae; g__Pauljensenia; s__Pauljensenia turicensis	0.894804146008768
dbf0f11515a66a712d199740afb89734	d__Bacteria; p__Actinobacteriota; c__Actinomycetia; o__Actinomycetales; f__Actinomycetaceae; g__ZJ293; s__	0.9519694349865847
4d84687f8ef66c8abc33d28314ca0514	d__Bacteria; p__Actinobacteriota; c__Actinomycetia; o__Actinomycetales; f__Actinomycetaceae; g__ZJ293; s__	0.9998874050013608
1d328ce4117ff3af0002b2155a08fd56	d__Bacteria; p__Actinobacteriota; c__Actinomycetia; o__Actinomycetales; f__Actinomycetaceae; g__Mobiluncus	0.999988152188376
f7bc87d95d70fb96368ac2c59516357e	d__Bacteria; p__Actinobacteriota; c__Actinomycetia; o__Actinomycetales; f__Actinomycetaceae; g__Mobiluncus	0.9999768956305246
9a7e6204c261ee93f5f5e993a67e7709	d__Bacteria	0.9996480959294813
787e69d6ba577ee7aeda684a8118ab86	d__Bacteria; p__Firmicutes_A; c__Clostridia_258483; o__Peptostreptococcales; f__Anaerovoracaceae	0.9829334617410704
475d0328bbc70c6d84b8068bdfff8bd3	d__Bacteria; p__Actinobacteriota; c__Coriobacteriia; o__Coriobacteriales; f__Atopobiaceae; g__Fannyhessea; s__Fannyhessea vaginae	0.9578558703476471
f8b36a8e38c0d0415140df6ff3260d89	d__Bacteria; p__Actinobacteriota; c__Coriobacteriia; o__Coriobacteriales; f__Atopobiaceae; g__Fannyhessea; s__Fannyhessea vaginae	0.9997124882424476
634d014a9eb3d483bfdd66d2a68da790	d__Bacteria; p__Actinobacteriota; c__Coriobacteriia; o__Coriobacteriales; f__Atopobiaceae; g__Fannyhessea; s__Fannyhessea massiliense	0.9486066426937416
0ab6fa42ee3e6e0c5d46536eb2af4c9c	d__Bacteria; p__Firmicutes_A; c__Clostridia_258483; o__Lachnospirales; f__Lachnospiraceae; g__Stomatobaculum; s__Moryella indoligenes	0.9999248801634479
fdbe5e3203bb62eca56a028f8c80f432	d__Bacteria; p__Firmicutes_A; c__Clostridia_258483; o__Lachnospirales; f__Lachnospiraceae	0.9979675231721292
3e078a0c323649420324775cc00a83e9	d__Bacteria; p__Firmicutes_A; c__Clostridia_258483; o__Lachnospirales; f__Lachnospiraceae	0.9967694553592668
f4d36aa9edebed18a559a8558ab7e2c7	d__Bacteria; p__Firmicutes_A; c__Clostridia_258483; o__Lachnospirales; f__Lachnospiraceae; g__Bilifractor	0.8118379650695575
c1c90096cc75f688f16e2750a3cb617b	d__Bacteria; p__Firmicutes_A; c__Clostridia_258483; o__Lachnospirales; f__Lachnospiraceae	0.9912472028827142
ad0bc5d368708205a1b209383b6d3693	d__Bacteria; p__Firmicutes_A; c__Clostridia_258483; o__Christensenellales; f__CAG-74; g__SFMI01; s__	0.8888951348142189
9c50fcbbfadd2d7d6a4016d4429d2a80	d__Bacteria; p__Firmicutes_A; c__Clostridia_258483; o__Tissierellales; f__Peptoniphilaceae; g__W5053; s__	0.9966624163818775
8c6a7e8ccc08c34064fdff77d7fbd9df	d__Bacteria; p__Actinobacteriota; c__Coriobacteriia; o__Coriobacteriales; f__Eggerthellaceae; g__Berryella; s__Berryella intestinalis	0.995870763019976
b253886d4a93c4090ba3e211e95d187e	d__Bacteria; p__Actinobacteriota; c__Coriobacteriia; o__Coriobacteriales; f__Eggerthellaceae; g__Berryella; s__Berryella sp001552935	0.9999942343324993
ce611bea3bec1a51742fcbc58755a6a1	d__Bacteria; p__Firmicutes_A; c__Clostridia_258483; o__Tissierellales; f__Peptoniphilaceae; g__Urinicoccus; s__Urinicoccus sp001299455	0.989717022121808
fb42efb1b203dec9f925f6e7a6b5e64f	d__Bacteria; p__Firmicutes_A; c__Clostridia_258483; o__Tissierellales; f__Peptoniphilaceae; g__Urinicoccus; s__Urinicoccus sp001299455	0.9847275679392172
2e88cce0383dbe272fa5f4202f06265e	d__Bacteria; p__Firmicutes_A; c__Clostridia_258483; o__Tissierellales; f__Peptoniphilaceae; g__Urinicoccus; s__Urinicoccus timonensis	0.9955023119029557
7a419a4bede05322c81a4d646ade40c6	d__Bacteria; p__Firmicutes_A; c__Clostridia_258483; o__Tissierellales; f__Peptoniphilaceae; g__Peptoniphilus_C; s__Peptoniphilus_C coxii	0.844826055111344
665550f38d67568e352030741deedbd3	d__Bacteria; p__Firmicutes_A; c__Clostridia_258483; o__Tissierellales; f__Peptoniphilaceae; g__Peptoniphilus_C	0.9999999403778045
a24fccc6f6cf7b5e6da547ff772ce93a	d__Bacteria; p__Firmicutes_A; c__Clostridia_258483; o__Peptostreptococcales; f__Peptostreptococcaceae_256921; g__Romboutsia_B; s__Romboutsia_B ilealis	0.7563461275184259
93d9565a7b6a18c7d9df8bab76ded428	d__Bacteria; p__Firmicutes_A; c__Clostridia_258483; o__Peptostreptococcales; f__Peptostreptococcaceae_256921; g__Peptostreptococcus; s__Peptostreptococcus anaerobius	0.9807532361591198
86de8109baf33e9f5679082d0d33e4d7	d__Bacteria; p__Firmicutes_A; c__Clostridia_258483; o__Peptostreptococcales; f__Peptostreptococcaceae_256921; g__Peptostreptococcus; s__Peptostreptococcus stomatis	0.9566376824041427
73e91deeffc374a277efcc7b582ff94f	d__Bacteria; p__Firmicutes_A; c__Clostridia_258483; o__Peptostreptococcales; f__Peptostreptococcaceae_256921; g__Peptostreptococcus; s__Peptostreptococcus anaerobius	0.8396448276122851
c88049f00384faa8f6a0eac669814452	d__Bacteria; p__Firmicutes_A; c__Clostridia_258483; o__Peptostreptococcales; f__Peptostreptococcaceae_256921; g__Peptostreptococcus; s__Peptostreptococcus anaerobius	0.9897913189359521
cea6253ce147949cf171a3b8287c8229	d__Bacteria; p__Firmicutes_A; c__Clostridia_258483; o__Tissierellales; f__Peptoniphilaceae; g__Peptoniphilus_A	0.9999999837263813
86e8c06a64dd12a6c88eb5bb861b38c4	d__Bacteria; p__Firmicutes_A; c__Clostridia_258483; o__Tissierellales; f__Peptoniphilaceae; g__Peptoniphilus_A	0.9999999805193533
df7aae82fcd982b2608519dd706af9f1	d__Bacteria; p__Firmicutes_A; c__Clostridia_258483; o__Tissierellales; f__Peptoniphilaceae; g__Peptoniphilus_B_226777; s__Peptoniphilus_B_226777 duerdenii	0.9999984232770838
41687cad602ebd43b85bde1fcfddf4fc	d__Bacteria; p__Firmicutes_A; c__Clostridia_258483; o__Tissierellales; f__Peptoniphilaceae; g__Peptoniphilus_A; s__	0.7092467941755513
3217ce7e785492f431b53df369d4d5dd	d__Bacteria; p__Firmicutes_A; c__Clostridia_258483; o__Tissierellales; f__Peptoniphilaceae; g__Peptoniphilus_A	0.9999999715312535
bb5b93c3680e5ad603354081a635dbc4	d__Bacteria; p__Actinobacteriota; c__Actinomycetia; o__Actinomycetales; f__Brevibacteriaceae; g__Brevibacterium; s__Brevibacterium ravenspurgense	0.9972910741565427
e306cfa259bc93a838ef84d1314adb98	d__Bacteria; p__Actinobacteriota; c__Actinomycetia; o__Actinomycetales; f__Brevibacteriaceae; g__Brevibacterium; s__Brevibacterium ravenspurgense	0.8650330521974108
dc3ef99a9df6aac0e865e0cfa3599921	d__Bacteria; p__Actinobacteriota; c__Actinomycetia; o__Actinomycetales; f__Brevibacteriaceae; g__Brevibacterium	0.9995122554850776
f52d097a64cc3eef14e5fbb5e5a5f608	d__Bacteria; p__Actinobacteriota; c__Actinomycetia; o__Actinomycetales; f__Actinomycetaceae; g__Gleimia; s__Gleimia europaea_A	0.8630087374042674
0ba70003700e3d3f0cb71d6b9e2789bd	d__Bacteria; p__Proteobacteria; c__Gammaproteobacteria; o__Burkholderiales_595427; f__Burkholderiaceae_A_595427; g__Sutterella; s__Sutterella stercoricanis	0.7706976443943336
184e7eb18586b491998ca3e8ce67bbd2	d__Bacteria; p__Proteobacteria; c__Gammaproteobacteria; o__Burkholderiales_595427; f__Burkholderiaceae_A_595427; g__Mesosutterella	0.9999931846902269
04710e24e97b83ece95e89235b1262c5	d__Bacteria; p__Actinobacteriota; c__Actinomycetia; o__Actinomycetales; f__Bifidobacteriaceae; g__Bifidobacterium_388775	0.9990530698275009
b0635a9c198c8d9409a25d21da81fa7f	d__Bacteria; p__Actinobacteriota; c__Actinomycetia; o__Actinomycetales; f__Bifidobacteriaceae; g__Bifidobacterium_388775	0.999565545436543
dd48e959b5e7a20ff73a7667fc0cad57	d__Bacteria; p__Actinobacteriota; c__Actinomycetia; o__Actinomycetales; f__Microbacteriaceae	0.9989808464888408
1b27b8bbb475c3cded8a16707fe63d31	d__Bacteria; p__Actinobacteriota; c__Actinomycetia; o__Actinomycetales; f__Microbacteriaceae	0.9989397023553253
29c3d8402cd16a245014a7fbc3af3ae2	d__Bacteria; p__Proteobacteria; c__Gammaproteobacteria; o__Burkholderiales_597441; f__Neisseriaceae_563222; g__Neisseria_563205	0.9956384167564865
75ac139a3cf31db1c9546ce62c6efdc3	d__Bacteria; p__Proteobacteria; c__Gammaproteobacteria; o__Burkholderiales_595422; f__Burkholderiaceae_A_595422; g__Oligella; s__Oligella urethralis	0.9998143315005973
a03e3fbbc96f8b0f50eb3f0a4b41406c	d__Bacteria; p__Actinobacteriota; c__Actinomycetia; o__Mycobacteriales; f__Mycobacteriaceae; g__Corynebacterium	0.9991162140072798
ec4c51005dd228e7d20d48bd18219c31	d__Bacteria; p__Actinobacteriota; c__Actinomycetia; o__Mycobacteriales; f__Mycobacteriaceae; g__Corynebacterium; s__Corynebacterium jeikeium	0.7612353397018474
ee6fb934dd7c0472c23e5027abc9fb89	d__Bacteria; p__Actinobacteriota; c__Actinomycetia; o__Mycobacteriales; f__Mycobacteriaceae; g__Corynebacterium	0.9989176456180577
a4590e2664edb8242e44ec03f1ad9a20	d__Bacteria; p__Actinobacteriota; c__Actinomycetia; o__Mycobacteriales; f__Mycobacteriaceae; g__Corynebacterium	0.9999934962474712
5e2dd4f9cc3a5373d08143ae4ebfff8c	d__Bacteria; p__Actinobacteriota; c__Actinomycetia; o__Mycobacteriales; f__Mycobacteriaceae; g__Corynebacterium	0.9999492380943854
810ecd25a46500332603b06cae90eba4	d__Bacteria; p__Actinobacteriota; c__Actinomycetia; o__Mycobacteriales; f__Mycobacteriaceae; g__Corynebacterium; s__Corynebacterium riegelii	0.7182929992990683
8f8bb6135c036fc9b5d24b236460f4dd	d__Bacteria; p__Actinobacteriota; c__Actinomycetia; o__Mycobacteriales; f__Mycobacteriaceae; g__Corynebacterium	0.9999941328856099
f4e780fe452e4d70d84b15a311bfa02c	d__Bacteria; p__Actinobacteriota; c__Actinomycetia; o__Mycobacteriales; f__Mycobacteriaceae; g__Corynebacterium; s__Corynebacterium sp001767255	0.7453244109192866
3aff736049d0d6651c788122c417b6d1	d__Bacteria; p__Actinobacteriota; c__Actinomycetia; o__Mycobacteriales; f__Mycobacteriaceae; g__Corynebacterium	0.999982856297876
6baebb206b1800fb2f4e9d857e1e75d7	d__Bacteria; p__Actinobacteriota; c__Actinomycetia; o__Mycobacteriales; f__Mycobacteriaceae; g__Corynebacterium	0.9999991779820107
e78c6aa4b30ad3c5b02f56c8eef935e6	d__Bacteria; p__Actinobacteriota; c__Actinomycetia; o__Actinomycetales; f__Dermatophilaceae_390796	0.9998343065081556
f06f87baa59c86981e07fe993162f3e9	d__Bacteria; p__Actinobacteriota; c__Actinomycetia; o__Mycobacteriales; f__Mycobacteriaceae; g__Corynebacterium; s__Corynebacterium pyruviciproducens	0.9538902213987748
26186dc0fc422a0ea839fe4f3fef2335	d__Bacteria; p__Actinobacteriota; c__Actinomycetia; o__Mycobacteriales; f__Mycobacteriaceae; g__Corynebacterium; s__Corynebacterium pyruviciproducens	0.8658977523806305
c0144b102a4a2984b1844a13e2b0aa90	d__Bacteria; p__Actinobacteriota; c__Actinomycetia; o__Mycobacteriales; f__Mycobacteriaceae; g__Corynebacterium; s__Corynebacterium atypicum	0.7192011217940225
148f3dd0cb4aa229a9c384b9dec655f7	d__Bacteria; p__Firmicutes_D; c__Bacilli; o__Lactobacillales; f__Streptococcaceae; g__Streptococcus	0.9999999647808031
295422fe853dc63c5f7e845f052b8a69	d__Bacteria; p__Firmicutes_D; c__Bacilli; o__Lactobacillales; f__Streptococcaceae; g__Streptococcus; s__Streptococcus agalactiae	0.9764546654830616
9f2733d801348816a9520774251e0a76	d__Bacteria; p__Firmicutes_D; c__Bacilli; o__Staphylococcales; f__Staphylococcaceae; g__Staphylococcus	0.9867656698614453
01db4e3f4cf9c83a04024dbc9faf1dec	d__Bacteria; p__Firmicutes_D; c__Bacilli; o__Staphylococcales; f__Staphylococcaceae; g__Staphylococcus	0.9938353300619921
e7594361da5f2c7e29f3b506e7a2992f	d__Bacteria; p__Patescibacteria; c__Saccharimonadia; o__Saccharimonadales; f__Nanoperiomorbaceae; g__Nanoperiomorbus; s__Nanoperiomorbus sp004136275	0.9666127756026028
7e6b428dfdb63dcaae3f53b5d43947c3	d__Bacteria; p__Firmicutes_D; c__Bacilli; o__Lactobacillales; f__Lactobacillaceae; g__Limosilactobacillus	0.9934671343969064
3ac5be5204602526159fd77b6f648eb4	d__Bacteria; p__Firmicutes_D; c__Bacilli; o__Lactobacillales; f__Lactobacillaceae; g__Limosilactobacillus	0.9982445884874466
148d07150aa7419ad5e128a812ac810f	d__Bacteria; p__Firmicutes_D; c__Bacilli; o__Lactobacillales; f__Lactobacillaceae; g__Limosilactobacillus; s__Limosilactobacillus coleohominis_A	0.9784710061804485
3594f20a51cd11999195a1d010dc4c6d	d__Bacteria; p__Firmicutes_D; c__Bacilli; o__Lactobacillales; f__Lactobacillaceae; g__Limosilactobacillus	0.7425756453513405
1e2ac880fef083545252563b7b51948b	d__Bacteria; p__Firmicutes_D; c__Bacilli; o__Lactobacillales; f__Lactobacillaceae; g__Lactobacillus	0.9998975742936408
90d61a7e7cb1ccc1468670be975f482e	d__Bacteria; p__Firmicutes_C; c__Negativicutes; o__Veillonellales; f__Negativicoccaceae; g__Negativicoccus; s__Negativicoccus succinicivorans	0.9817366215301276
262f49524b8aa3733cba5a398a2e7f9a	d__Bacteria; p__Firmicutes_C; c__Negativicutes; o__Veillonellales; f__Veillonellaceae; g__Veillonella_A; s__Veillonella_A montpellierensis	0.9882261774871115
6120dfb8890c46350d505bd7387bbd73	d__Bacteria; p__Firmicutes_C; c__Negativicutes; o__Veillonellales; f__Veillonellaceae; g__Veillonella_A; s__Veillonella_A montpellierensis	0.9835295991593773
d1251b1898a41ba608aeea0bbdbd4cd3	d__Bacteria; p__Firmicutes_C; c__Negativicutes; o__Veillonellales; f__Veillonellaceae; g__Veillonella_A	0.9999423815121882
17161eb04606829013257971b0c00c95	d__Bacteria; p__Firmicutes_C; c__Negativicutes; o__Veillonellales; f__Veillonellaceae; g__Veillonella_A	0.9999819772212186
03972013b02b5f12b5dc4fe9c4d4578e	d__Bacteria; p__Firmicutes_C; c__Negativicutes; o__Veillonellales; f__Veillonellaceae; g__F0422; s__F0422 sp001553345	0.8745885149886291
4dfa1741769309d892a0e90b728647ba	d__Bacteria; p__Firmicutes_C; c__Negativicutes; o__Veillonellales; f__Dialisteraceae; g__Dialister; s__Dialister sp001553355	0.9962948791654304
9ccc49631cd58b69b730a833ea0078f7	d__Bacteria; p__Firmicutes_C; c__Negativicutes; o__Veillonellales; f__Dialisteraceae; g__Dialister; s__Dialister propionicifaciens	0.9759897225605716
4383ae6abcfc277f46533531bfbd2fc8	d__Bacteria; p__Firmicutes_C; c__Negativicutes; o__Veillonellales; f__Dialisteraceae; g__Dialister; s__Dialister sp900543165	0.7286025015942805
0754667583d251a33840f5730d4c36e7	d__Bacteria; p__Firmicutes_C; c__Negativicutes; o__Veillonellales; f__Dialisteraceae; g__Dialister	0.9906604022920833
d75bc0564b3d063f1d71999f60ea0130	d__Bacteria; p__Firmicutes_C; c__Negativicutes; o__Veillonellales; f__Dialisteraceae; g__Dialister; s__Dialister micraerophilus	0.9998140434762123
a02821ced5adf5ce7a63c3a0f49d054b	d__Bacteria; p__Firmicutes_C; c__Negativicutes; o__Veillonellales; f__Dialisteraceae; g__Dialister; s__Dialister micraerophilus	0.9957671817583893
528f826ebf3585aa119ac0d5f926c773	d__Bacteria; p__Firmicutes_C; c__Negativicutes; o__Veillonellales; f__Dialisteraceae; g__Dialister; s__Dialister micraerophilus	0.9985827754178178
52c61f05f7e1266045a7fef07578fb65	d__Bacteria; p__Firmicutes_D; c__Bacilli; o__Staphylococcales; f__Gemellaceae; g__Gemella	0.999694079615354
0e2798d7b59d07ad982f735648768cdc	d__Bacteria; p__Firmicutes_D; c__Bacilli; o__Staphylococcales; f__Gemellaceae; g__Gemella; s__Gemella asaccharolytica	0.9693755205035306
e692d0d96db0d5e46317a91f4b682af1	d__Bacteria; p__Firmicutes_C; c__Negativicutes; o__Veillonellales; f__Megasphaeraceae; g__Megasphaera_A_38685	0.9996792172098774
245417c57f05586305ad0cc629a2dc0e	d__Bacteria; p__Firmicutes_C; c__Negativicutes; o__Veillonellales; f__Megasphaeraceae; g__Megasphaera_A_38692; s__Megasphaera_A_38692 lornae	0.9775962114224301
cef083bd8cb63160ad7b4c2d142b7bc4	d__Bacteria; p__Firmicutes_C; c__Negativicutes; o__Veillonellales; f__Megasphaeraceae; g__Megasphaera_A_38692; s__Megasphaera_A_38692 lornae	0.9953480557140474
8fd3f65fe6e9cceec6ec35568945eaf0	d__Bacteria; p__Firmicutes_C; c__Negativicutes; o__Veillonellales; f__Megasphaeraceae; g__Megasphaera_A_38692; s__Megasphaera_A_38692 lornae	0.9968079815125059
4b18b3ffa1daf87ca0d35664df042d0d	d__Bacteria; p__Firmicutes_C; c__Negativicutes; o__Veillonellales; f__Megasphaeraceae; g__Megasphaera_A_38692; s__Megasphaera_A_38692 lornae	0.9974774115322234
22665c2a1b453a4270c989b7c1b34c70	d__Bacteria; p__Firmicutes_C; c__Negativicutes; o__Veillonellales; f__Megasphaeraceae; g__Megasphaera_A_38692; s__Megasphaera_A_38692 lornae	0.9427178428895132
9a62158ab9fd2411305571dffe2e26da	d__Bacteria; p__Firmicutes_C; c__Negativicutes; o__Veillonellales; f__Megasphaeraceae	0.9801695600023026
c3fff496ee5065122a6192a76fc86928	d__Bacteria; p__Firmicutes_C; c__Negativicutes; o__Veillonellales; f__Megasphaeraceae; g__Megasphaera_A_38692; s__Megasphaera_A_38692 hutchinsoni	0.999443285114777
7804324fa42836522015e6491a710fe9	d__Bacteria; p__Firmicutes_D; c__Bacilli	0.9564779005132305
e0cd30731d46f44e0d63e83262887e63	d__Bacteria; p__Firmicutes_A; c__Clostridia_258483; o__Oscillospirales; f__Acutalibacteraceae; g__Fimenecus; s__Fimenecus sp000432435	0.9885255934659227
4e3f041c223d655b680a6cc0d9612f38	d__Bacteria; p__Firmicutes_A; c__Clostridia_258483; o__Oscillospirales; f__Oscillospiraceae_88309; g__CAG-83; s__CAG-83 sp900545585	0.9751984115620207
c2e3806caa05b3d41addfe96ef008b07	d__Bacteria; p__Firmicutes_A; c__Clostridia_258483; o__Oscillospirales; f__Oscillospiraceae_88309	0.9999997382578418
5ae4f07fa30d1ae7ad4c3d4877d8c9fc	d__Bacteria; p__Actinobacteriota; c__Actinomycetia; o__Actinomycetales; f__Bifidobacteriaceae	0.8960669005887782
dc53b976ee397ae79f1f32dbe72699fa	d__Bacteria; p__Actinobacteriota; c__Actinomycetia; o__Actinomycetales; f__Microbacteriaceae	0.9245693660391682
82b594f48c3bd6a754d575e664c35069	d__Bacteria; p__Actinobacteriota; c__Actinomycetia; o__Actinomycetales; f__Actinomycetaceae; g__Mobiluncus; s__Mobiluncus mulieris	0.7227633235853012
4e031f2822a347a65eb079c1021a52bc	d__Bacteria; p__Actinobacteriota; c__Actinomycetia; o__Actinomycetales	0.8169572569503287
03521893eca3cfd6e1eb611b2cb4d0ac	d__Bacteria; p__Firmicutes_D; c__Bacilli	0.9936789580559704
a5322f00ef480644e1156eb5226afc4c	d__Bacteria; p__Firmicutes_D; c__Bacilli; o__Lactobacillales	0.8740429996998043
05f9316b4ebd473ee13dda7d6251e83d	d__Bacteria; p__Firmicutes_D; c__Bacilli; o__Lactobacillales	0.9651637837239627
689c46033598c0aa42196f746ceb50b7	d__Bacteria; p__Firmicutes_D; c__Bacilli; o__Lactobacillales; f__Lactobacillaceae; g__Lactobacillus	0.7590551173361635
1d80adc30ad105b6925d298656887f88	d__Bacteria; p__Firmicutes_D; c__Bacilli; o__Lactobacillales; f__Lactobacillaceae; g__Lactobacillus; s__Lactobacillus gallinarum	0.7651096440426929
70cf1a4c92fcde73ce5193d68ac78973	d__Bacteria; p__Firmicutes_D; c__Bacilli; o__Lactobacillales; f__Lactobacillaceae; g__Lactobacillus	0.9957018429865644
51d457cbe559256e2ff4c109c5f9eb5e	d__Bacteria; p__Firmicutes_D; c__Bacilli; o__Lactobacillales; f__Lactobacillaceae; g__Lactobacillus	0.9999524249325012
65f9ea6d4be48e4fdd4bf6af461486e6	d__Bacteria; p__Firmicutes_D; c__Bacilli; o__Lactobacillales; f__Lactobacillaceae; g__Lactobacillus	0.9973127588564931
1086dbd91528726ed35be89d64757175	d__Bacteria; p__Firmicutes_D; c__Bacilli; o__Lactobacillales; f__Lactobacillaceae; g__Lactobacillus	0.9998041153534624
55dd3852cda7b7b60d850addf51a9064	d__Bacteria; p__Firmicutes_D; c__Bacilli; o__Lactobacillales; f__Lactobacillaceae; g__Lactobacillus	0.9983462305076249
8e59fdceb9609d2eeb7255f0920ace2c	d__Bacteria; p__Firmicutes_D; c__Bacilli; o__Lactobacillales; f__Lactobacillaceae; g__Lactobacillus	0.9998465945637544
790dc6fb023632e1957b21937ac10a6e	d__Bacteria; p__Firmicutes_D; c__Bacilli; o__Lactobacillales; f__Lactobacillaceae; g__Lactobacillus	0.9967552195104016
9273da516f976b1a48a5f300f5e4f45f	d__Bacteria; p__Firmicutes_D; c__Bacilli; o__Lactobacillales; f__Lactobacillaceae; g__Lactobacillus	0.9985582607351382
4085a496ca1f7029805138c941b4abd1	d__Bacteria; p__Firmicutes_D; c__Bacilli; o__Lactobacillales; f__Lactobacillaceae; g__Lactobacillus	0.9925231595976014
13b15a6a66fe38025aab543d197bfb64	d__Bacteria; p__Firmicutes_D; c__Bacilli; o__Lactobacillales; f__Lactobacillaceae; g__Lactobacillus	0.9965892133775458
b78d55847af80ad43ad4105dc1926ab8	d__Bacteria; p__Firmicutes_D; c__Bacilli; o__Lactobacillales; f__Lactobacillaceae; g__Lactobacillus; s__Lactobacillus gallinarum	0.7380719320235033
682464493c67faec2e075f2cd9731285	d__Bacteria; p__Firmicutes_D; c__Bacilli; o__Lactobacillales; f__Lactobacillaceae; g__Lactobacillus	0.9802806332688544
117f734825e374eb2d4adfc42132a8cb	d__Bacteria; p__Firmicutes_D; c__Bacilli; o__Lactobacillales; f__Lactobacillaceae	0.9992891618366762
9ebc9c77f76208e4e241225cecd54c2d	d__Bacteria; p__Firmicutes_D; c__Bacilli; o__Lactobacillales; f__Lactobacillaceae; g__Lactobacillus	0.9997863745460104
ba26760f9491d165771e76e60902b439	d__Bacteria; p__Firmicutes_D; c__Bacilli; o__Lactobacillales; f__Lactobacillaceae; g__Lactobacillus	0.9998530855137413
e0e2d893de6b13cabe2235f6c8322b58	d__Bacteria; p__Firmicutes_D; c__Bacilli; o__Lactobacillales; f__Aerococcaceae; g__Granulicatella; s__Granulicatella elegans	0.7630902832875901
f7f01c6c57b0fe4439bdcde875978a96	d__Bacteria; p__Firmicutes_D; c__Bacilli; o__Lactobacillales; f__Lactobacillaceae; g__Limosilactobacillus	0.9036613122787909
1f95b4d440f4c32874c9d0dd2e39d755	d__Bacteria; p__Firmicutes_D; c__Bacilli; o__Lactobacillales; f__Lactobacillaceae; g__Limosilactobacillus	0.7726264530141005
650421b6aeb6b7dfa1706a3e688217fd	d__Bacteria; p__Firmicutes_D; c__Bacilli; o__Lactobacillales; f__Lactobacillaceae; g__Lactobacillus	0.9988242438651861
d935df6a8069ad0e073f096430bc00c1	d__Bacteria; p__Firmicutes_D; c__Bacilli; o__Lactobacillales; f__Lactobacillaceae	0.9969548188500085
7b5432c274cd14dd3e2de60e0288d00c	d__Bacteria; p__Firmicutes_D; c__Bacilli; o__Lactobacillales; f__Lactobacillaceae	0.7834726243355846
f924f4bd798aef3d8600a296f3676a23	d__Bacteria; p__Firmicutes_D; c__Bacilli; o__Lactobacillales; f__Lactobacillaceae; g__Lactobacillus	0.9165797894412149
f23ba163f0d46c7ae20d8d3c2ea6896d	d__Bacteria; p__Firmicutes_D; c__Bacilli; o__Lactobacillales; f__Lactobacillaceae; g__Lactobacillus; s__Lactobacillus iners	0.9993407719287254
39e8d39cc98cfb4e24bc1da5877088a3	d__Bacteria; p__Firmicutes_D; c__Bacilli; o__Lactobacillales; f__Lactobacillaceae; g__Lactobacillus	0.9795492734996079
3cd5761c8c4a08ae2d35e64698dfc452	d__Bacteria; p__Firmicutes_D; c__Bacilli; o__Lactobacillales; f__Lactobacillaceae; g__Lactobacillus	0.9913865086083381
d0e8227e14ae2bd7daa8b5453c5d9124	d__Bacteria; p__Firmicutes_D; c__Bacilli; o__Lactobacillales; f__Lactobacillaceae; g__Ligilactobacillus	0.8677747207413071
07cdf7e7808c27ce7b2c0ae391d551b1	d__Bacteria; p__Firmicutes_D; c__Bacilli; o__Lactobacillales; f__Aerococcaceae; g__Facklamia_A_322655; s__Facklamia_A_322655 hominis	0.723987900363034
e8224152620ec9ba148bfb722935bb3b	d__Bacteria; p__Firmicutes_D; c__Bacilli; o__Lactobacillales	0.81779085120022
a39c974aab452ca0cd5304bb1ae7ccb2	d__Bacteria; p__Firmicutes_D; c__Bacilli; o__Lactobacillales; f__Aerococcaceae; g__Aerococcus; s__Aerococcus christensenii	0.9983765092752545
ce907ff50a526fdc665be11161527f45	d__Bacteria; p__Firmicutes_D; c__Bacilli; o__Lactobacillales; f__Aerococcaceae; g__Aerococcus; s__Aerococcus christensenii	0.9951520454127889
6de865cf4ca35d4e29f3f21dd61dfdf2	d__Bacteria; p__Firmicutes_D; c__Bacilli; o__Lactobacillales	0.9802441638653515
0dd7fc0ad98b6e6b865164f2fe582574	d__Bacteria; p__Firmicutes_D; c__Bacilli; o__Lactobacillales; f__Aerococcaceae; g__Aerococcus; s__Aerococcus christensenii	0.9527738785292857
580a8ab38a781832fbe496b4ebca0b8c	d__Bacteria	0.9999987913361603
fc4d305b8becee961b147b0b156fc232	d__Bacteria; p__Firmicutes_A; c__Clostridia_258483; o__Saccharofermentanales; f__Fastidiosipilaceae; g__Fastidiosipila; s__Fastidiosipila sanguinis	0.9991956363432976
0af1509882c3f9611aaea8aaccba1f3c	d__Bacteria; p__Firmicutes_A; c__Clostridia_258483; o__Clostridiales; f__Clostridiaceae_222000; g__Clostridium_P; s__Clostridium_P perfringens	0.8182817999177322
70529449a6860d6278b7e7033d57dddc	d__Bacteria; p__Firmicutes_A; c__Clostridia_258483; o__Saccharofermentanales; f__Fastidiosipilaceae; g__KA00274; s__KA00274 sp001552885	0.9999991673487811
86d365b5ae9e567ca102474017a820d3	d__Bacteria; p__Firmicutes_A; c__Clostridia_258483; o__Saccharofermentanales; f__Fastidiosipilaceae; g__Mageeibacillus; s__Mageeibacillus indolicus	0.9999993536925685
48a0b37a93471679e43c033ce2189e3e	d__Bacteria; p__Firmicutes_A; c__Clostridia_258483; o__Lachnospirales; f__Lachnospiraceae; g__Blautia_A_141781; s__Blautia_A_141781 luti	0.7298917485305598
34c99afbddf8386bab1daf2dad2877b8	d__Bacteria; p__Firmicutes_A; c__Clostridia_258483; o__Tissierellales; f__Peptoniphilaceae; g__Anaerococcus	0.9999999986886337
acc533c047798fd8984be47d4b54748a	d__Bacteria; p__Firmicutes_A; c__Clostridia_258483; o__Tissierellales; f__Peptoniphilaceae; g__Anaerococcus; s__Anaerococcus hydrogenalis	0.9815709165330883
10854d17f99152a578bdd35d6144e38e	d__Bacteria; p__Firmicutes_A; c__Clostridia_258483; o__Lachnospirales; f__Lachnospiraceae; g__UBA629; s__UBA629 sp005465875	0.9067248595296722
d9988c519fe0e9537ae099a5f56fafc6	d__Bacteria; p__Firmicutes_D; c__Bacilli; o__Lactobacillales; f__Lactobacillaceae; g__Lactobacillus	0.9997024352680187
20323446e61d5d39863db6f11d2ee30b	d__Bacteria; p__Firmicutes_A; c__Clostridia_258483; o__Tissierellales; f__Peptoniphilaceae; g__Finegoldia; s__Finegoldia magna_H	0.867159439542443
9e02029628ca1a7c76c5938536221815	d__Bacteria; p__Firmicutes_A; c__Clostridia_258483; o__Tissierellales; f__Peptoniphilaceae; g__Ezakiella; s__Ezakiella coagulans	0.9999978969849168
1cacc66a3f782f3758a54a747732c9b7	d__Bacteria; p__Firmicutes_A; c__Clostridia_258483; o__Lachnospirales; f__Lachnospiraceae; g__UBA4285; s__UBA4285 sp902775895	0.9787266151405625
d2543a254222d3ced15d1b5703c77acb	d__Bacteria; p__Firmicutes_A; c__Clostridia_258483; o__Lachnospirales; f__Lachnospiraceae; g__UBA4285; s__UBA4285 sp902775895	0.9988965889298997
38906ef1e253a848c50fdb92c8157894	d__Bacteria; p__Firmicutes_A; c__Clostridia_258483; o__Tissierellales; f__Peptoniphilaceae; g__Helcococcus; s__Helcococcus massiliensis	0.9999711309951196
414f54149aa48ca9d1bcb57abe554770	d__Bacteria; p__Firmicutes_A; c__Clostridia_258483; o__Tissierellales; f__Peptoniphilaceae; g__Parvimonas; s__Parvimonas parva	0.9843267981799779
1156fae3d97f6e41c61bbff87535e218	d__Bacteria; p__Firmicutes_A; c__Clostridia_258483; o__Tissierellales; f__Peptoniphilaceae; g__Parvimonas; s__Parvimonas micra	0.8748893919295139
dd99bfd4d40c96276951b89d6ecfaf5a	d__Bacteria; p__Fusobacteriota; c__Fusobacteriia; o__Fusobacteriales_993521; f__Fusobacteriaceae_993521; g__Fusobacterium_C; s__Fusobacterium_C gonidiaformans	0.9056266979942633
de7deea3d3b64ebfd304b570f232f897	d__Bacteria; p__Fusobacteriota; c__Fusobacteriia; o__Fusobacteriales_993777; f__Leptotrichiaceae; g__Sneathia; s__Sneathia sanguinegens	0.9994986340847983
2ce7e0e85fee139a820618c15007729b	d__Bacteria; p__Fusobacteriota; c__Fusobacteriia; o__Fusobacteriales_993777; f__Leptotrichiaceae; g__Sneathia; s__Sneathia vaginalis	0.9950173324284161
49c35f583424ac921c84f33be6098fbd	d__Bacteria; p__Firmicutes_D; c__Bacilli; o__Lactobacillales; f__Lactobacillaceae; g__Lactobacillus	0.9986881757033036
8f4b7a21957ebf570b0cfff2ce30dd13	d__Bacteria	0.999197631778833
a2ffe258b6cb11919e1a16f73ead1b8a	d__Bacteria; p__Firmicutes_D; c__Bacilli; o__Lactobacillales; f__Lactobacillaceae; g__Lactobacillus; s__Lactobacillus gallinarum	0.7640125388764875
dc59fb99018088d117de52382456f0fb	d__Bacteria	0.9261594168792119
94d5121635faef8bda9258effeef66dd	d__Bacteria	0.9630618391422664
2a5b9f9287780619b48bb35fe5d322a1	d__Bacteria; p__Actinobacteriota; c__Actinomycetia; o__Actinomycetales; f__Actinomycetaceae; g__Mobiluncus; s__Mobiluncus mulieris	0.8216948350843826
a5b33289d762c002f9c5bfba8f2d68f3	d__Bacteria; p__Firmicutes_D; c__Bacilli; o__Lactobacillales; f__Lactobacillaceae; g__Lactobacillus	0.9990470080742636
ac2eacde18c33c8cec04eb50cfbf9f00	d__Bacteria; p__Firmicutes_D; c__Bacilli; o__Lactobacillales; f__Lactobacillaceae; g__Lactobacillus; s__Lactobacillus gallinarum	0.7008720873846721
6c4f002e60d20b8ae08b335753610297	d__Bacteria	0.9455484674944071
