index,Unassigned;__;__;__;__;__;__,d__Bacteria;p__Proteobacteria;c__Alphaproteobacteria;o__Rickettsiales;f__Mitochondria;g__Mitochondria;s__,d__Eukaryota;p__Cnidaria;c__Myxozoa;o__Bivalvulida;f__Bivalvulida;g__Bivalvulida;s__,d__Bacteria;__;__;__;__;__;__,d__Bacteria;p__Firmicutes;c__Clostridia;o__Peptostreptococcales-Tissierellales;f__Family_XI;g__Peptoniphilus;s__,d__Bacteria;p__Actinobacteriota;c__Actinobacteria;o__Bifidobacteriales;f__Bifidobacteriaceae;g__Gardnerella;s__,d__Bacteria;p__Proteobacteria;c__Gammaproteobacteria;o__Enterobacterales;f__Pasteurellaceae;g__Haemophilus;s__,d__Bacteria;p__Fusobacteriota;c__Fusobacteriia;o__Fusobacteriales;f__Fusobacteriaceae;g__Fusobacterium;s__,d__Bacteria;p__Firmicutes;c__Clostridia;o__Peptostreptococcales-Tissierellales;f__Family_XI;g__Anaerococcus;s__,Platform,Strategy,Source,Layout
Illumina_NR_025423.1,0.0,0.0,0.0,0.0,0.0,0.0,6503.0,0.0,0.0,ILLUMINA NOVASEQ,AMPLICON,METAGENOMIC,PAIRED
Illumina_NR_171541.1,0.0,0.0,0.0,0.0,0.0,6508.0,0.0,0.0,0.0,ILLUMINA NOVASEQ  AMPLICON        METAGENOMIC     PAIRED,,,
Illumina_NZ_ABES01000007.1,0.0,6468.0,0.0,0.0,0.0,0.0,0.0,0.0,0.0,ILLUMINA NOVASEQ  AMPLICON        METAGENOMIC     PAIRED,,,
Illumina_NZ_ADEF01000068.1,0.0,6505.0,0.0,0.0,0.0,0.0,0.0,0.0,0.0,ILLUMINA NOVASEQ  AMPLICON        METAGENOMIC     PAIRED,,,
Illumina_NZ_AFIJ01000031.1,0.0,6482.0,0.0,0.0,0.0,0.0,0.0,0.0,0.0,ILLUMINA NOVASEQ  AMPLICON        METAGENOMIC     PAIRED,,,
Illumina_NZ_AMZK01000007.1,6466.0,0.0,0.0,0.0,0.0,0.0,0.0,0.0,0.0,ILLUMINA NOVASEQ  AMPLICON        METAGENOMIC     PAIRED,,,
Illumina_NZ_CABTXI010000220.1,6579.0,0.0,0.0,0.0,0.0,0.0,0.0,0.0,0.0,ILLUMINA NOVASEQ  AMPLICON        METAGENOMIC     PAIRED,,,
Illumina_NZ_CAXUJS010000060.1,0.0,6450.0,0.0,0.0,0.0,0.0,0.0,0.0,0.0,ILLUMINA NOVASEQ  AMPLICON        METAGENOMIC     PAIRED,,,
Illumina_NZ_FNWT01000022.1,0.0,0.0,0.0,6478.0,0.0,0.0,0.0,0.0,0.0,ILLUMINA NOVASEQ  AMPLICON        METAGENOMIC     PAIRED,,,
Illumina_NZ_GG666064.1,0.0,6498.0,0.0,0.0,0.0,0.0,0.0,0.0,0.0,ILLUMINA NOVASEQ  AMPLICON        METAGENOMIC     PAIRED,,,
Illumina_NZ_GG666315.1,6467.0,0.0,0.0,0.0,0.0,0.0,0.0,0.0,0.0,ILLUMINA NOVASEQ  AMPLICON        METAGENOMIC     PAIRED,,,
Illumina_NZ_GL878522.1,0.0,6537.0,0.0,0.0,0.0,0.0,0.0,0.0,0.0,ILLUMINA NOVASEQ  AMPLICON        METAGENOMIC     PAIRED,,,
Illumina_NZ_JAERMS010000083.1,6472.0,0.0,0.0,0.0,0.0,0.0,0.0,0.0,0.0,ILLUMINA NOVASEQ  AMPLICON        METAGENOMIC     PAIRED,,,
Illumina_NZ_JAJCRT010000018.1,0.0,6494.0,0.0,0.0,0.0,0.0,0.0,0.0,0.0,ILLUMINA NOVASEQ  AMPLICON        METAGENOMIC     PAIRED,,,
Illumina_NZ_JAJDKT010000074.1,0.0,6448.0,0.0,0.0,0.0,0.0,0.0,0.0,0.0,ILLUMINA NOVASEQ  AMPLICON        METAGENOMIC     PAIRED,,,
Illumina_NZ_JANDZW010000012.1,6445.0,0.0,0.0,0.0,0.0,0.0,0.0,0.0,0.0,ILLUMINA NOVASEQ  AMPLICON        METAGENOMIC     PAIRED,,,
Illumina_NZ_JASOME010000020.1,6470.0,0.0,0.0,0.0,0.0,0.0,0.0,0.0,0.0,ILLUMINA NOVASEQ  AMPLICON        METAGENOMIC     PAIRED,,,
Illumina_NZ_JASOSB010000012.1,6492.0,0.0,0.0,0.0,0.0,0.0,0.0,0.0,0.0,ILLUMINA NOVASEQ  AMPLICON        METAGENOMIC     PAIRED,,,
Illumina_NZ_JASSPP010000023.1,6514.0,0.0,0.0,0.0,0.0,0.0,0.0,0.0,0.0,ILLUMINA NOVASEQ  AMPLICON        METAGENOMIC     PAIRED,,,
Illumina_NZ_JAVTXF010000046.1,0.0,6456.0,0.0,0.0,0.0,0.0,0.0,0.0,0.0,ILLUMINA NOVASEQ  AMPLICON        METAGENOMIC     PAIRED,,,
Illumina_NZ_JAWWWY010000070.1,0.0,6541.0,0.0,0.0,0.0,0.0,0.0,0.0,0.0,ILLUMINA NOVASEQ  AMPLICON        METAGENOMIC     PAIRED,,,
Illumina_NZ_JAWWXF010000042.1,0.0,0.0,0.0,6517.0,0.0,0.0,0.0,0.0,0.0,ILLUMINA NOVASEQ  AMPLICON        METAGENOMIC     PAIRED,,,
Illumina_NZ_JAWWYB010000046.1,6444.0,0.0,0.0,0.0,0.0,0.0,0.0,0.0,0.0,ILLUMINA NOVASEQ  AMPLICON        METAGENOMIC     PAIRED,,,
Illumina_NZ_JBBNGY010000024.1,0.0,0.0,0.0,0.0,6476.0,0.0,0.0,0.0,0.0,ILLUMINA NOVASEQ  AMPLICON        METAGENOMIC     PAIRED,,,
Illumina_NZ_JBGONE010000038.1,0.0,0.0,0.0,0.0,0.0,0.0,0.0,6375.0,0.0,ILLUMINA NOVASEQ  AMPLICON        METAGENOMIC     PAIRED,,,
Illumina_NZ_JBHLSP010000031.1,0.0,6486.0,0.0,0.0,0.0,0.0,0.0,0.0,0.0,ILLUMINA NOVASEQ  AMPLICON        METAGENOMIC     PAIRED,,,
Illumina_NZ_JBIWIT010000029.1,6435.0,0.0,0.0,0.0,0.0,0.0,0.0,0.0,0.0,ILLUMINA NOVASEQ  AMPLICON        METAGENOMIC     PAIRED,,,
Illumina_NZ_JRNR01000257.1,0.0,6471.0,0.0,0.0,0.0,0.0,0.0,0.0,0.0,ILLUMINA NOVASEQ  AMPLICON        METAGENOMIC     PAIRED,,,
Illumina_NZ_JRNT01000025.1,0.0,0.0,0.0,0.0,0.0,0.0,0.0,0.0,0.0,ILLUMINA NOVASEQ  AMPLICON        METAGENOMIC     PAIRED,,,
Illumina_NZ_JRNU01000149.1,6511.0,0.0,0.0,0.0,0.0,0.0,0.0,0.0,0.0,ILLUMINA NOVASEQ  AMPLICON        METAGENOMIC     PAIRED,,,
Illumina_NZ_KE952952.1,6552.0,0.0,0.0,0.0,0.0,0.0,0.0,0.0,0.0,ILLUMINA NOVASEQ  AMPLICON        METAGENOMIC     PAIRED,,,
Illumina_NZ_KI518418.1,0.0,6553.0,0.0,0.0,0.0,0.0,0.0,0.0,0.0,ILLUMINA NOVASEQ  AMPLICON        METAGENOMIC     PAIRED,,,
Illumina_NZ_KQ955743.1,0.0,0.0,6570.0,0.0,0.0,0.0,0.0,0.0,0.0,ILLUMINA NOVASEQ  AMPLICON        METAGENOMIC     PAIRED,,,
Illumina_NZ_KQ961074.1,0.0,6449.0,0.0,0.0,0.0,0.0,0.0,0.0,0.0,ILLUMINA NOVASEQ  AMPLICON        METAGENOMIC     PAIRED,,,
Illumina_NZ_KQ971204.1,6502.0,0.0,0.0,0.0,0.0,0.0,0.0,0.0,0.0,ILLUMINA NOVASEQ  AMPLICON        METAGENOMIC     PAIRED,,,
Illumina_NZ_KV803777.1,0.0,0.0,0.0,0.0,0.0,0.0,0.0,0.0,6461.0,ILLUMINA NOVASEQ  AMPLICON        METAGENOMIC     PAIRED,,,
Illumina_NZ_NFMF01000018.1,0.0,6523.0,0.0,0.0,0.0,0.0,0.0,0.0,0.0,ILLUMINA NOVASEQ  AMPLICON        METAGENOMIC     PAIRED,,,
Illumina_NZ_NQOJ01000020.1,6516.0,0.0,0.0,0.0,0.0,0.0,0.0,0.0,0.0,ILLUMINA NOVASEQ  AMPLICON        METAGENOMIC     PAIRED,,,
Illumina_NZ_QJVB01000008.1,0.0,6536.0,0.0,0.0,0.0,0.0,0.0,0.0,0.0,ILLUMINA NOVASEQ  AMPLICON        METAGENOMIC     PAIRED,,,
Illumina_NZ_QSQE01000022.1,6524.0,0.0,0.0,0.0,0.0,0.0,0.0,0.0,0.0,ILLUMINA NOVASEQ  AMPLICON        METAGENOMIC     PAIRED,,,
Illumina_NZ_VYVJ01000030.1,0.0,6521.0,0.0,0.0,0.0,0.0,0.0,0.0,0.0,ILLUMINA NOVASEQ  AMPLICON        METAGENOMIC     PAIRED,,,
Illumina_NZ_WBMB01000033.1,0.0,0.0,0.0,0.0,0.0,0.0,6521.0,0.0,0.0,ILLUMINA NOVASEQ  AMPLICON        METAGENOMIC     PAIRED,,,
Illumina_NZ_WUBT01000032.1,0.0,6465.0,0.0,0.0,0.0,0.0,0.0,0.0,0.0,ILLUMINA NOVASEQ  AMPLICON        METAGENOMIC     PAIRED,,,
Illumina_NZ_PNGO01000009.1,0.0,0.0,0.0,0.0,0.0,0.0,0.0,0.0,0.0,ILLUMINA NOVASEQ  AMPLICON        METAGENOMIC     PAIRED,,,
Illumina_NZ_QPGS01000077.1,0.0,0.0,0.0,0.0,0.0,0.0,0.0,0.0,0.0,ILLUMINA NOVASEQ  AMPLICON        METAGENOMIC     PAIRED,,,
