index,Unassigned;__;__;__;__;__;__,d__Bacteria;__;__;__;__;__;__,d__Bacteria;p__Patescibacteria;c__Paceibacteria;o__UBA9983_A;f__UBA5272;g__UBA11704;s__UBA11704 sp003518045,d__Bacteria;p__Proteobacteria;c__Gammaproteobacteria;o__Enterobacterales_A_737866;f__Enterobacteriaceae_A;g__Buchnera;__,d__Bacteria;p__Firmicutes_A;c__Clostridia_258483;o__Lachnospirales;f__Defluviitaleaceae;g__Defluviitalea_A;s__Defluviitalea_A phaphyphila,d__Bacteria;p__Firmicutes_D;c__Bacilli;o__Lactobacillales;f__Aerococcaceae;g__Aerococcus;s__Aerococcus christensenii,d__Bacteria;p__Firmicutes_A;c__Clostridia_258483;o__Tissierellales;f__Peptoniphilaceae;g__Parvimonas;s__Parvimonas micra,Platform,Strategy,Source,Layout
PacBio_HiFi_NZ_ADEF01000068.1,0.0,1048.0,0.0,0.0,0.0,0.0,0.0,PACBIO HIFI,AMPLICON,METAGENOMIC,SINGLE
PacBio_HiFi_NZ_AMZK01000007.1,620.0,0.0,0.0,0.0,0.0,482.0,0.0,PACBIO HIFI,AMPLICON,METAGENOMIC,SINGLE
PacBio_HiFi_NZ_CABTXI010000220.1,0.0,1006.0,0.0,0.0,0.0,0.0,0.0,PACBIO HIFI,AMPLICON,METAGENOMIC,SINGLE
PacBio_HiFi_NZ_CAXUJS010000060.1,0.0,0.0,381.0,0.0,391.0,0.0,0.0,PACBIO HIFI,AMPLICON,METAGENOMIC,SINGLE
PacBio_HiFi_NZ_JAJCRT010000018.1,0.0,53.0,0.0,0.0,0.0,0.0,0.0,PACBIO HIFI,AMPLICON,METAGENOMIC,SINGLE
PacBio_HiFi_NZ_JANDZW010000012.1,0.0,609.0,0.0,0.0,0.0,0.0,386.0,PACBIO HIFI,AMPLICON,METAGENOMIC,SINGLE
PacBio_HiFi_NZ_JBIWIT010000029.1,0.0,642.0,0.0,0.0,0.0,0.0,0.0,PACBIO HIFI,AMPLICON,METAGENOMIC,SINGLE
PacBio_HiFi_NZ_KE952952.1,1.0,0.0,0.0,0.0,0.0,0.0,0.0,PACBIO HIFI,AMPLICON,METAGENOMIC,SINGLE
PacBio_HiFi_NZ_KI518418.1,0.0,197.0,0.0,164.0,0.0,0.0,0.0,PACBIO HIFI,AMPLICON,METAGENOMIC,SINGLE
PacBio_HiFi_NZ_KQ971204.1,0.0,544.0,0.0,0.0,0.0,0.0,0.0,PACBIO HIFI,AMPLICON,METAGENOMIC,SINGLE
PacBio_HiFi_NZ_PNGO01000009.1,1.0,0.0,0.0,0.0,0.0,0.0,0.0,PACBIO HIFI,AMPLICON,METAGENOMIC,SINGLE
PacBio_HiFi_NZ_QSQE01000022.1,33.0,0.0,0.0,0.0,0.0,0.0,0.0,PACBIO HIFI,AMPLICON,METAGENOMIC,SINGLE
PacBio_HiFi_NZ_WUBT01000032.1,0.0,925.0,0.0,0.0,0.0,0.0,0.0,PACBIO HIFI,AMPLICON,METAGENOMIC,SINGLE
PacBio_HiFi_NZ_GL878522.1,0.0,0.0,0.0,0.0,0.0,0.0,0.0,PACBIO HIFI,AMPLICON,METAGENOMIC,SINGLE
PacBio_HiFi_NZ_WBMB01000033.1,0.0,0.0,0.0,0.0,0.0,0.0,0.0,PACBIO HIFI,AMPLICON,METAGENOMIC,SINGLE
PacBio_HiFi_NZ_FNWT01000022.1,0.0,0.0,0.0,0.0,0.0,0.0,0.0,PACBIO HIFI,AMPLICON,METAGENOMIC,SINGLE
PacBio_HiFi_NZ_ABES01000007.1,0.0,0.0,0.0,0.0,0.0,0.0,0.0,PACBIO HIFI,AMPLICON,METAGENOMIC,SINGLE
PacBio_HiFi_NZ_JBGONE010000038.1,0.0,0.0,0.0,0.0,0.0,0.0,0.0,PACBIO HIFI,AMPLICON,METAGENOMIC,SINGLE
PacBio_HiFi_NZ_JADCKH010000039.1,0.0,0.0,0.0,0.0,0.0,0.0,0.0,PACBIO HIFI,AMPLICON,METAGENOMIC,SINGLE
PacBio_HiFi_NZ_JRNR01000257.1,0.0,0.0,0.0,0.0,0.0,0.0,0.0,PACBIO HIFI,AMPLICON,METAGENOMIC,SINGLE
PacBio_HiFi_NZ_GG666064.1,0.0,0.0,0.0,0.0,0.0,0.0,0.0,PACBIO HIFI,AMPLICON,METAGENOMIC,SINGLE
PacBio_HiFi_NZ_KQ961074.1,0.0,0.0,0.0,0.0,0.0,0.0,0.0,PACBIO HIFI,AMPLICON,METAGENOMIC,SINGLE
PacBio_HiFi_NZ_GG666315.1,0.0,0.0,0.0,0.0,0.0,0.0,0.0,PACBIO HIFI,AMPLICON,METAGENOMIC,SINGLE
PacBio_HiFi_NZ_KQ955743.1,0.0,0.0,0.0,0.0,0.0,0.0,0.0,PACBIO HIFI,AMPLICON,METAGENOMIC,SINGLE
PacBio_HiFi_NZ_JAWWXF010000042.1,0.0,0.0,0.0,0.0,0.0,0.0,0.0,PACBIO HIFI,AMPLICON,METAGENOMIC,SINGLE
PacBio_HiFi_NZ_JRNT01000025.1,0.0,0.0,0.0,0.0,0.0,0.0,0.0,PACBIO HIFI,AMPLICON,METAGENOMIC,SINGLE
PacBio_HiFi_NZ_JBHLSP010000031.1,0.0,0.0,0.0,0.0,0.0,0.0,0.0,PACBIO HIFI,AMPLICON,METAGENOMIC,SINGLE
PacBio_HiFi_NZ_JASOME010000020.1,0.0,0.0,0.0,0.0,0.0,0.0,0.0,PACBIO HIFI,AMPLICON,METAGENOMIC,SINGLE
PacBio_HiFi_NZ_JBBNGY010000024.1,0.0,0.0,0.0,0.0,0.0,0.0,0.0,PACBIO HIFI,AMPLICON,METAGENOMIC,SINGLE
PacBio_HiFi_NZ_JAJDKT010000074.1,0.0,0.0,0.0,0.0,0.0,0.0,0.0,PACBIO HIFI,AMPLICON,METAGENOMIC,SINGLE
PacBio_HiFi_NZ_QJVB01000008.1,0.0,0.0,0.0,0.0,0.0,0.0,0.0,PACBIO HIFI,AMPLICON,METAGENOMIC,SINGLE
PacBio_HiFi_NZ_AFIJ01000031.1,0.0,0.0,0.0,0.0,0.0,0.0,0.0,PACBIO HIFI,AMPLICON,METAGENOMIC,SINGLE
PacBio_HiFi_NZ_QPGS01000077.1,0.0,0.0,0.0,0.0,0.0,0.0,0.0,PACBIO HIFI,AMPLICON,METAGENOMIC,SINGLE
PacBio_HiFi_NZ_JASSPP010000023.1,0.0,0.0,0.0,0.0,0.0,0.0,0.0,PACBIO HIFI,AMPLICON,METAGENOMIC,SINGLE
PacBio_HiFi_NR_025423.1,0.0,0.0,0.0,0.0,0.0,0.0,0.0,PACBIO HIFI,AMPLICON,METAGENOMIC,SINGLE
PacBio_HiFi_NZ_JAWWYB010000046.1,0.0,0.0,0.0,0.0,0.0,0.0,0.0,PACBIO HIFI,AMPLICON,METAGENOMIC,SINGLE
PacBio_HiFi_NZ_KV803777.1,0.0,0.0,0.0,0.0,0.0,0.0,0.0,PACBIO HIFI,AMPLICON,METAGENOMIC,SINGLE
PacBio_HiFi_NZ_JRNU01000149.1,0.0,0.0,0.0,0.0,0.0,0.0,0.0,PACBIO HIFI,AMPLICON,METAGENOMIC,SINGLE
PacBio_HiFi_NZ_NFMF01000018.1,0.0,0.0,0.0,0.0,0.0,0.0,0.0,PACBIO HIFI,AMPLICON,METAGENOMIC,SINGLE
PacBio_HiFi_NZ_VYVJ01000030.1,0.0,0.0,0.0,0.0,0.0,0.0,0.0,PACBIO HIFI,AMPLICON,METAGENOMIC,SINGLE
PacBio_HiFi_NZ_JASOSB010000012.1,0.0,0.0,0.0,0.0,0.0,0.0,0.0,PACBIO HIFI,AMPLICON,METAGENOMIC,SINGLE
PacBio_HiFi_NZ_JAERMS010000083.1,0.0,0.0,0.0,0.0,0.0,0.0,0.0,PACBIO HIFI,AMPLICON,METAGENOMIC,SINGLE
PacBio_HiFi_NR_171541.1,0.0,0.0,0.0,0.0,0.0,0.0,0.0,PACBIO HIFI,AMPLICON,METAGENOMIC,SINGLE
PacBio_HiFi_NZ_JAVTXF010000046.1,0.0,0.0,0.0,0.0,0.0,0.0,0.0,PACBIO HIFI,AMPLICON,METAGENOMIC,SINGLE
