"('GTACT', 'GGCAA')",11
"('GTACT', 'GGCAAG')",11
"('GTACT', 'GGGGGG')",12
"('TACTT', 'GGCAA')",9
"('TACTT', 'GGCAAG')",9
"('TACTT', 'GGGGGG')",9
"('CTTTC', 'GGCAA')",16
"('CTTTC', 'GGCAAG')",16
"('CTTTC', 'GGGGGG')",16
"('GCGGG', 'GGCAA')",9
"('GCGGG', 'GGCAAG')",9
"('GCGGG', 'GGGGGG')",10
"('AAGGG', 'GGCAA')",9
"('AAGGG', 'GGCAAG')",9
"('AAGGG', 'GGGGGG')",10
"('AGGGA', 'GGCAA')",15
"('AGGGA', 'GGCAAG')",15
"('AGGGA', 'GGGGGG')",15
"('GTACTT', 'GGCAA')",9
"('GTACTT', 'GGCAAG')",9
"('GTACTT', 'GGGGGG')",9
"('TACTTT', 'GGCAA')",16
"('TACTTT', 'GGCAAG')",16
"('TACTTT', 'GGGGGG')",15
"('ACTTTC', 'GGCAA')",16
"('ACTTTC', 'GGCAAG')",16
"('ACTTTC', 'GGGGGG')",16
"('CTTTCA', 'GGCAA')",14
"('CTTTCA', 'GGCAAG')",14
"('CTTTCA', 'GGGGGG')",13
"('TTCAGC', 'GGCAA')",16
"('TTCAGC', 'GGCAAG')",16
"('TTCAGC', 'GGGGGG')",16
"('TCAGCG', 'GGCAA')",12
"('TCAGCG', 'GGCAAG')",12
"('TCAGCG', 'GGGGGG')",12
"('AGCGGG', 'GGCAA')",9
"('AGCGGG', 'GGCAAG')",9
"('AGCGGG', 'GGGGGG')",10
"('GCGGGG', 'GGCAA')",7
"('GCGGGG', 'GGCAAG')",7
"('GCGGGG', 'GGGGGG')",9
"('CGGGGA', 'GGCAA')",11
"('CGGGGA', 'GGCAAG')",11
"('CGGGGA', 'GGGGGG')",11
"('GAAGGG', 'GGCAA')",9
"('GAAGGG', 'GGCAAG')",9
"('GAAGGG', 'GGGGGG')",10
"('AAGGGA', 'GGCAA')",15
"('AAGGGA', 'GGCAAG')",15
"('AAGGGA', 'GGGGGG')",15
"('AGGGAG', 'GGCAA')",14
"('AGGGAG', 'GGCAAG')",14
"('AGGGAG', 'GGGGGG')",14
"('AGTAAA', 'GGCAA')",9
"('AGTAAA', 'GGCAAG')",9
"('AGTAAA', 'GGGGGG')",9
